id,count
19105,2
05059,2
28033,4
18053,258
34023,44
06071,277
40111,1
18071,2
48257,12
40019,4
34015,21
53005,9
18001,16
12009,39
42129,18
37029,1
28029,1
17143,10
17177,5
41029,23
48291,2
39043,53
23025,3
26121,9
48013,1
37119,292
15007,1
48253,1
29201,1
13169,2
48103,1
36075,8
17053,2
51750,12
47115,1
17183,28
28087,8
20191,14
17011,208
45039,1
01095,3
35005,10
28159,1
49021,13
06057,4
06021,2
05061,1
46079,1
54001,2
21047,1
17121,1
37107,9
29175,4
17039,1
19107,1
39093,24
51149,4
41007,21
16057,6
06099,53
35049,5
17063,7
26091,4
48299,2
39147,14
24510,2217
42119,1
48199,12
12101,15
23031,5
42079,5
48189,1
37035,3
17031,1078
39021,1
48215,74
30093,1
21167,1
13295,2
26115,4
06029,132
40091,2
13189,1
17155,2
21173,5
39001,1
12131,1
40105,1
18149,2
39085,19
11001,457
48507,1
47179,13
47029,7
48293,4
42085,2
48091,21
37065,10
22045,8
48067,2
39033,3
47059,4
12093,18
22005,7
42025,2
45045,45
31157,1
16065,2
13261,3
34009,2
41043,6
26103,2
48491,42
36083,62
27163,7
15009,1
05131,2
37097,12
20057,5
21093,3
19047,1
37071,15
04027,26
06083,41
46033,1
48497,4
08001,9
48459,1
42099,2
36037,53
49035,99
27135,1
42063,94
40117,28
23005,44
45051,52
16001,46
01099,1
01109,5
48355,77
28113,1
46127,1
29013,2
55127,5
26123,4
09009,78
06027,1
54051,3
23017,1
17141,1
33001,2
37145,1
19181,1
46035,2
54061,42
45083,19
51067,1
39107,4
26025,13
39057,5
48467,6
27101,1
19103,27
39069,4
13113,4
41015,1
48227,2
36027,15
41027,1
47043,3
33009,3
26023,1
55097,3
51001,1
37173,1
36005,248
29099,2
42071,42
55069,1
01009,1
49049,24
51193,1
17113,21
01103,2
36009,2
36071,84
13063,20
28025,1
40037,1
06019,230
01073,92
48347,14
32019,1
28071,21
39079,2
36007,65
39173,53
53029,5
28075,12
37125,2
53047,1
12061,7
27035,2
18043,2
26157,3
01127,43
21121,2
40089,7
53045,1
21113,2
27025,1
37093,2
28027,3
13247,7
36105,3
20125,2
20155,7
29217,3
39075,1
53057,3
40047,6
12011,124
20059,1
01113,1
13193,35
20161,3
53053,94
12079,81
47139,2
53061,78
04013,683
50003,1
40011,2
40017,8
35041,3
04001,3
20121,1
38071,1
37129,24
31059,1
34021,18
17099,2
42059,1
18003,33
18033,3
39103,13
37155,5
19073,1
13103,6
37131,3
22105,40
12115,33
27049,1
30013,3
39031,3
12107,1
20173,74
23001,1
24011,1
53001,2
13221,3
19195,2
32510,8
21205,4
48029,500
51197,1
53009,3
48139,9
12035,10
21095,1
16055,1
37141,1
39011,50
18039,9
47003,1
04015,11
42019,10
17019,40
29163,91
12073,71
37133,5
21043,2
41059,11
01101,43
06089,11
36119,88
37077,1
35045,8
47019,1
40099,2
51117,1
32003,647
12129,1
55071,3
05069,30
26075,4
22067,3
53015,12
54037,5
34039,29
33015,20
36117,1
39017,214
21123,1
48233,1
29053,1
13153,7
18041,1
29127,4
21141,1
37179,8
48469,36
23011,5
19193,8
22001,3
06013,107
08065,3
39175,47
48083,1
06087,56
37159,10
47109,1
16083,3
08071,3
48407,1
47097,3
42075,4
05099,1
37135,27
46099,19
42095,29
48403,1
22121,4
48381,3
47073,2
19013,26
39063,6
48153,1
47143,1
17077,25
19045,5
37085,23
33003,2
19123,3
37105,3
20067,1
21037,2
45021,1
26117,2
48487,2
24041,7
08069,62
39089,10
25021,41
50021,31
47089,3
06061,28
17061,8
51041,4
47163,7
31153,15
17195,17
26005,5
39119,3
42021,7
49053,2
55133,13
21073,1
40109,112
55031,2
48073,2
17073,3
05057,24
08077,11
49011,16
37113,9
34013,70
48313,1
06037,2755
45079,66
39029,6
48099,1
38101,7
18011,6
39083,4
47023,1
47187,17
19115,2
53011,59
13097,20
17117,1
53033,612
13147,1
51061,2
29221,1
27145,3
48185,1
18145,3
35017,3
21079,1
27147,2
18137,3
01097,30
22015,5
25015,99
26045,1
42013,5
13039,5
34001,18
04017,5
08119,2
27067,1
37081,174
55121,2
13151,2
42091,32
06045,3
45073,4
48465,5
54079,3
55059,17
30049,1
19057,1
18017,1
13215,58
40125,8
36015,1
01051,3
46081,1
48221,1
05055,1
26077,74
40031,9
20061,6
17111,9
54049,5
08041,152
36033,1
05115,5
48451,28
22019,75
13245,34
18089,36
39121,1
29021,2
27085,1
12081,20
48141,94
37149,1
37055,1
01025,1
50019,1
26021,8
01003,20
26055,7
37139,17
21017,1
42001,8
17119,27
09015,3
45047,2
13191,1
25009,58
26093,8
27027,3
19163,18
17097,44
47157,261
13035,2
55029,1
53035,25
39035,397
31053,2
48485,20
06015,1
51135,2
51101,1
13057,19
36111,14
48353,1
39155,10
31109,65
16005,10
21151,8
17037,5
55017,1
13279,2
36063,25
20165,1
45055,1
40135,1
08125,1
21009,1
26065,81
41005,12
36067,52
20051,4
26153,1
27123,12
27161,2
24001,13
42077,17
05125,18
29093,1
15001,1
28049,51
55063,15
48043,3
48251,19
44009,16
48163,1
12021,50
15003,10
48057,1
13073,10
13047,2
39113,2
51187,2
48053,1
29167,22
13171,1
12069,10
13077,5
37161,3
18133,2
28085,1
28089,11
37183,211
23023,1
01053,2
05035,2
18005,2
24015,4
17179,2
26111,2
24031,40
12105,57
51179,1
21203,1
37171,1
48435,1
29071,2
31067,3
51019,1
13179,16
45019,73
40131,3
39111,2
54107,3
06079,40
51173,1
41039,98
36103,93
17115,11
24019,3
28035,16
27111,1
12005,39
27171,1
26139,13
13095,4
39053,9
17095,1
51095,10
09011,49
29077,15
37001,6
29219,2
45091,11
46103,4
13321,1
19097,1
01083,2
47107,1
51085,5
21001,1
55087,12
29097,10
35037,2
01091,1
18021,2
27109,7
36019,1
27097,1
47047,2
48149,1
09001,95
42123,1
26131,1
40113,118
02122,1
51167,1
22039,4
22075,2
39023,7
40147,6
05009,1
42007,5
17041,4
51099,1
37009,1
35009,8
41011,5
12063,1
47133,3
20169,3
01017,3
22065,4
26099,68
21045,1
13255,2
48169,2
41071,4
48181,2
25013,45
22079,18
55119,1
26049,66
27153,1
21081,1
21211,2
34005,21
22069,12
22117,1
20011,1
22063,11
51137,1
28137,1
12091,15
51600,28
31021,1
48113,5
13285,1
56033,2
04005,18
13237,2
12083,9
51003,15
45031,2
06023,17
22109,43
34033,3
55105,10
36029,181
29027,1
01033,2
46027,1
27053,180
51047,2
48453,538
36047,408
01089,61
06005,5
41033,6
40073,4
17201,53
35061,5
29011,11
37023,3
12075,3
08059,18
48281,1
39071,1
13233,1
01123,6
51031,1
06107,49
48021,4
13065,1
23027,1
12086,433
18077,1
55033,1
55005,1
51073,1
48427,6
37049,4
40069,5
06059,300
36079,3
36099,1
34007,45
06093,7
45043,10
55093,8
37051,74
36061,801
06115,1
27083,1
41017,20
56021,12
39129,5
12099,154
39037,1
05075,1
54053,1
51141,1
47173,1
37111,3
22007,1
16013,1
55131,219
47105,1
39039,5
33011,17
20037,5
48455,1
37195,5
40033,1
39041,6
47147,10
51009,1
27019,4
39161,6
39055,3
18091,7
19113,35
42043,25
48389,1
46107,1
28099,3
56029,1
22033,118
06031,25
06113,17
31131,77
29101,1
27055,2
36057,1
12089,6
38063,211
05143,4
27139,12
34027,20
39059,1
18019,11
28067,1
48419,1
24025,16
28149,4
22055,62
19099,2
39077,18
17137,2
20133,1
48203,5
26081,69
26073,18
45013,15
48477,3
54011,31
39151,36
06097,31
01125,92
48499,5
39145,2
51127,2
41061,15
26017,3
40065,1
06007,55
48479,14
37021,38
48051,1
25027,99
34019,7
48105,3
40013,4
36021,4
25017,146
13135,33
48471,20
18097,3
47001,3
08085,1
41053,4
26087,5
39171,4
25007,1
22011,1
01055,14
18085,4
37127,2
12119,2
06011,4
40039,1
05019,2
42107,5
21029,3
48159,2
45029,1
48303,75
12031,178
39097,15
48249,4
27141,1
28107,1
29145,2
45035,13
42101,451
29051,7
26155,1
48023,2
04012,1
12127,34
18167,10
35055,1
21067,56
40009,1
18169,1
20103,5
08005,26
48123,1
37019,3
12125,1
51157,3
17021,1
18135,1
35031,2
28045,3
21209,5
39149,4
06073,604
31139,1
01031,2
20091,52
17049,2
12057,244
35015,9
13111,1
19173,1
48325,3
38085,1
45025,1
29001,1
19085,1
29133,3
50005,1
06109,2
48009,1
48309,24
48351,1
37151,4
29035,1
04025,7
53041,2
48373,3
18063,7
37025,12
19127,7
22017,22
05105,1
38015,4
20185,6
13137,7
20209,20
13013,5
17093,16
47093,73
22085,1
54069,8
18069,4
45085,2
19061,18
45057,1
36043,2
37037,1
09007,16
39153,123
25003,18
18131,1
26027,5
49045,2
01001,2
26015,1
39087,1
17147,2
48097,3
22061,21
01105,1
24003,70
53007,13
48025,2
39167,17
37033,2
41003,16
17055,5
12113,4
13123,2
20055,1
24021,66
21125,2
09003,69
09005,3
31019,1
05029,12
12087,11
27043,10
21019,4
42125,862
54019,1
45077,10
21111,191
39051,4
48161,7
27173,1
35013,32
13117,7
29019,19
18129,1
06081,37
45011,1
18103,1
45075,6
47155,3
34011,7
30001,1
04019,133
51013,24
19033,1
47119,22
01049,2
13139,4
24047,4
54081,2
08101,13
41047,19
37143,1
44007,109
17167,88
29177,1
40123,3
48035,2
46013,2
40071,4
51620,1
39061,112
06065,260
27129,2
32005,1
53003,3
47183,8
21161,3
04003,3
13313,1
01117,7
37189,9
18107,6
13125,1
12051,1
42009,3
48339,1394
37153,2
48027,43
13051,62
13159,1
18117,3
44003,12
36085,39
42045,39
19139,5
39109,3
12017,7
22119,1
27169,11
42103,4
13031,30
22053,8
17029,4
19167,3
40145,2
19109,1
05049,1
37191,8
56013,6
47025,1
26125,67
45037,6
13045,18
01077,5
08031,683
06075,431
13067,50
48223,7
06039,11
36121,1
19183,2
37003,1
29009,3
41067,41
48157,55
05063,3
20015,2
47031,2
18065,4
32001,5
18153,1
26161,87
22071,335
32031,54
12033,33
26101,1
04009,2
46135,1
30029,2
50027,1
08037,5
13059,51
12117,30
19169,14
17161,3
34031,66
08097,5
22003,1
55139,6
54003,1
37101,4
36081,168
53021,4
04021,13
25025,492
29159,1
42133,14
32023,2
48481,2
18151,28
18035,16
39009,43
37007,4
05027,8
44005,14
17133,1
13015,2
12019,17
36065,11
01021,1
27125,2
25001,1
18109,1
34041,63
23009,10
31179,1
08121,1
36011,3
33005,1
28105,17
42111,3
48231,12
42017,45
53067,29
32007,1
19015,1
23019,1
28103,1
10005,5
36013,9
13223,4
02020,4
10003,54
48209,146
18099,22
48071,3
55025,40
53027,22
48167,33
55073,5
48183,10
06033,1
18081,11
18173,3
39141,2
36001,42
53077,35
31025,1
48001,1
42073,7
06067,283
27005,2
26145,5
55035,9
42127,2
19027,1
08051,1
20115,1
48063,2
40129,1
20113,2
22047,2
28011,1
05031,7
35025,4
29015,14
27015,3
25005,36
42049,50
21239,2
05109,2
51035,1
48089,2
42027,16
40081,1
37147,22
21021,1
06009,1
47141,4
17109,84
56007,2
06025,2
08067,23
48329,13
26127,2
01087,7
34003,18
18163,30
19083,4
05085,2
39123,2
18059,1
28081,15
41019,8
13089,74
21059,4
49047,2
12103,63
17007,3
13293,2
13127,7
48039,32
18175,2
42011,21
01079,1
05005,1
01015,6
36093,3
19129,1
27081,1
54023,4
55021,5
39049,489
48005,20
39101,2
42039,11
53025,4
47051,1
42003,188
42081,6
12095,398
55089,4
36109,7
18177,29
31119,1
05093,2
13155,1
21235,1
27003,3
19031,1
01045,5
19121,2
06041,43
47125,47
01081,32
39105,1
48409,16
12085,2
17075,1
18165,2
45041,7
06069,1
48175,1
20111,3
24017,4
31173,1
53063,66
21179,5
37061,2
06001,369
17131,3
19125,2
48463,3
18121,24
24045,9
08013,105
22029,1
48037,1
48127,1
13007,4
12029,2
05001,1
01085,3
28047,23
05119,59
49005,4
53071,10
24027,22
17085,1
28163,2
50017,8
30041,2
16075,1
48375,13
06047,16
48423,34
21145,7
45067,3
45015,10
39139,244
28139,2
45033,2
27079,1
28117,1
48361,12
36113,5
29037,3
24013,7
44001,2
36091,27
13185,19
34017,128
37181,6
40101,4
36053,1
17197,71
24009,17
36115,1
21227,11
48121,108
42051,25
35027,1
54055,7
48207,1
48449,1
06051,5
42005,2
48415,1
18123,2
06017,7
45001,2
26133,4
34025,55
40079,11
51760,148
40121,2
51147,2
54039,62
22009,1
29213,4
01133,5
41035,2
47145,1
48439,468
42031,13
26057,1
56025,4
27069,1
39131,2
21195,2
29089,1
22051,27
53037,5
39157,46
29195,3
54009,1
40007,3
34037,6
48015,2
30063,8
45071,1
10001,9
48241,2
01043,3
06095,50
13157,3
08117,16
13105,1
48049,2
29043,2
36077,181
35043,110
30031,21
13213,2
01047,2
47035,1
19011,1
06085,228
39065,1
38035,8
55009,18
48143,18
06111,143
29169,5
51121,12
51139,1
26019,3
12015,3
01121,5
27007,1
33013,3
47065,56
28083,2
47117,1
53073,29
18095,11
37067,11
37137,1
47165,6
18073,6
51153,10
38099,1
30047,4
28001,5
47037,340
19153,94
47009,7
12001,43
05003,1
48397,18
37095,1
46065,2
36045,7
06053,54
55039,2
17091,9
47189,4
39025,9
54057,1
22077,1
45081,2
48265,1
40119,17
37031,5
09013,7
39005,3
36023,1
37063,67
45063,23
08035,6
40021,2
18141,42
21217,1
06055,18
04007,3
28101,1
33019,133
30111,10
42069,11
13049,2
48377,1
17173,1
48177,1
06101,3
48007,2
22059,1
26163,381
49057,19
39081,24
29081,1
39099,18
33017,8
28059,6
53075,12
39073,6
26047,2
35051,3
47011,5
38017,17
20045,22
19017,2
39003,16
45007,4
13121,914
48201,154
37109,2
18079,22
21035,6
30025,1
13201,1
45003,12
39007,7
21117,12
48247,6
08123,24
48331,35
51087,3
41009,1
36069,10
41057,3
26107,3
40115,2
19155,4
13305,1
48075,1
25023,29
12055,4
24043,10
17101,2
47053,36
55055,2
18127,6
13297,1
41051,373
39015,2
27131,1
28131,3
36095,3
28121,3
13283,2
39013,4
22113,1
20035,1
29031,160
51107,11
48085,1001
47033,3
16067,1
48349,2
22057,7
38105,1
08109,3
01071,2
56037,1
42037,3
40051,1
41041,2
48135,24
51775,1
55117,1
39045,1
55101,20
22111,27
13275,1
54033,2
26059,2
16027,7
12097,22
48363,97
48315,41
